<!--Open Horizon mission-->
<mission location="ms06">
	<player x="4810.367676" y="100.000000" z="-1486.516724" yaw="112.000000" editor_y="100.000000" />

	<object name="enemy1" id="stry" active="true" x="13076.358398" y="-0.032707" z="-5491.266602" yaw="-32.000000" editor_y="0.000000" >
		<attribute align="target" on_destroy="kill_enemy" on_init="add_enemy" path="path1" />
	</object>

	<object name="enemy1" id="m1a2" active="true" x="13093.440430" y="-0.061496" z="-5517.235840" yaw="-32.000000" editor_y="0.000000" >
		<attribute align="enemy" on_destroy="kill_enemy" on_init="add_enemy" path="path1" />
	</object>

	<object name="enemy1" id="m1a2" active="true" x="13113.778320" y="-0.080858" z="-5551.533203" yaw="-32.000000" editor_y="0.000000" >
		<attribute align="enemy" on_destroy="kill_enemy" on_init="add_enemy" path="path1" />
	</object>

	<object name="enemy2" id="stry" active="true" x="9176.385742" y="-0.091899" z="-1547.674805" yaw="132.000000" editor_y="0.000000" >
		<attribute align="target" on_destroy="kill_enemy" on_init="add_enemy" path="path2" />
	</object>

	<object name="enemy2" id="m1a2" active="true" x="9136.549805" y="-0.073638" z="-1516.108032" yaw="132.000000" editor_y="0.000000" >
		<attribute align="enemy" on_destroy="kill_enemy" on_init="add_enemy" path="path2" />
	</object>

	<object name="enemy2" id="m1a2" active="true" x="9085.006836" y="-0.104223" z="-1476.375488" yaw="132.000000" editor_y="0.000000" >
		<attribute align="enemy" on_destroy="kill_enemy" on_init="add_enemy" path="path2" />
	</object>

	<object name="enemy2" id="m1a2" active="true" x="9050.630859" y="-0.088022" z="-1450.435303" yaw="132.000000" editor_y="0.000000" >
		<attribute align="enemy" on_destroy="kill_enemy" on_init="add_enemy" path="path2" />
	</object>

	<object name="enemy3" id="stry" active="true" x="6765.581543" y="-0.205350" z="-4371.789062" yaw="172.000000" editor_y="0.000000" >
		<attribute align="target" on_destroy="kill_enemy" on_init="add_enemy" path="path3" />
	</object>

	<object name="enemy3" id="m1a2" active="true" x="6755.606934" y="-0.112570" z="-4321.987305" yaw="172.000000" editor_y="0.000000" >
		<attribute align="enemy" on_destroy="kill_enemy" on_init="add_enemy" path="path3" />
	</object>

	<object name="enemy3" id="m1a2" active="true" x="6746.122070" y="-0.087536" z="-4278.290527" yaw="172.000000" editor_y="0.000000" >
		<attribute align="enemy" on_destroy="kill_enemy" on_init="add_enemy" path="path3" />
	</object>

	<object name="ally" id="a10a" active="true" x="4802.752930" y="100.000000" z="-1500.808960" yaw="108.000000" editor_y="100.000000" >
		<attribute align="ally" follow="player" />
	</object>

	<object name="ally" id="a10a" active="true" x="4808.781250" y="100.000000" z="-1470.749878" yaw="108.000000" editor_y="100.000000" >
		<attribute align="ally" follow="player" />
	</object>

	<object name="object11" id="civl" active="true" x="8853.616211" y="-0.445086" z="-4264.091309" yaw="108.000000" editor_y="0.000000" >
		<attribute align="neutral" />
	</object>

	<object name="object12" id="civl" active="true" x="9061.646484" y="-0.555906" z="-4137.619629" yaw="108.000000" editor_y="0.000000" >
		<attribute align="neutral" />
	</object>

	<object name="object13" id="civl" active="true" x="9591.750000" y="-0.714848" z="-3555.003174" yaw="-4.000000" editor_y="0.000000" >
		<attribute align="neutral" />
	</object>

	<object name="object14" id="civl" active="true" x="9579.397461" y="-0.394009" z="-4352.288086" yaw="56.000000" editor_y="0.000000" >
		<attribute align="neutral" />
	</object>

	<object name="object15" id="civl" active="true" x="8946.084961" y="-0.684702" z="-5188.441406" yaw="56.000000" editor_y="0.000000" >
		<attribute align="neutral" />
	</object>

	<zone name="zone1" active="true" x="12234.089844" y="0.619375" z="-4168.441895" radius="123.000000" >
		<attribute on_enter="on_fail" />
	</zone>

	<zone name="zone2" active="true" x="10726.130859" y="-0.554341" z="-2841.394043" radius="123.000000" >
		<attribute on_enter="on_fail" />
	</zone>

	<zone name="zone3" active="true" x="7973.396484" y="-1.274014" z="-5392.331543" radius="123.000000" >
		<attribute on_enter="on_fail" />
	</zone>

	<path name="path3" >
		<point x="6782.082031" y="-0.245400" z="-4449.290527" editor_y="0.000000" />
		<point x="6807.191895" y="-0.324265" z="-4578.957031" editor_y="0.000000" />
		<point x="6819.539062" y="-0.189648" z="-4613.305664" editor_y="0.000000" />
		<point x="6847.194336" y="-0.218921" z="-4660.917969" editor_y="0.000000" />
		<point x="6890.867676" y="-0.238544" z="-4713.019531" editor_y="0.000000" />
		<point x="7294.725098" y="-0.443607" z="-5128.755371" editor_y="0.000000" />
		<point x="7572.232422" y="-0.221281" z="-5331.995117" editor_y="0.000000" />
		<point x="8157.998047" y="0.440202" z="-5390.900879" editor_y="0.000000" />
	</path>

	<path name="path1" >
		<point x="13031.793945" y="-0.459739" z="-5417.825684" editor_y="0.000000" />
		<point x="12606.085938" y="-0.606199" z="-4744.812012" editor_y="0.000000" />
		<point x="12553.181641" y="-0.584959" z="-4646.166504" editor_y="0.000000" />
		<point x="12508.743164" y="-0.443570" z="-4542.950195" editor_y="0.000000" />
		<point x="12476.522461" y="-0.365869" z="-4442.976562" editor_y="0.000000" />
		<point x="12457.153320" y="-0.396011" z="-4338.698242" editor_y="0.000000" />
		<point x="12433.508789" y="-0.388529" z="-4236.304199" editor_y="0.000000" />
		<point x="12403.500000" y="-0.042018" z="-4199.331055" editor_y="0.000000" />
		<point x="12248.959961" y="1.384632" z="-4170.388672" editor_y="0.000000" />
	</path>

	<path name="path2" >
		<point x="9226.816406" y="-0.693354" z="-1590.220215" editor_y="0.000000" />
		<point x="10613.440430" y="-1.236806" z="-2698.184814" editor_y="0.000000" />
		<point x="10724.619141" y="-0.810075" z="-2837.467041" editor_y="0.000000" />
	</path>
</mission>
