<!--Open Horizon mission-->
<mission location="ms12t">
	<player x="-12543.421875" y="100.000000" z="22070.990234" yaw="0.000000" editor_y="100.000000" />

	<object name="lead" id="f04e" active="true" x="-12543.964844" y="100.000000" z="22101.496094" yaw="-4.000000" editor_y="100.000000" >
		<attribute align="ally" path="lead_path" />
	</object>

	<object name="ally" id="f04e" active="true" x="-12563.809570" y="100.000000" z="22093.347656" yaw="-4.000000" editor_y="100.000000" >
		<attribute align="ally" follow="lead" />
	</object>

	<object name="ally" id="f04e" active="true" x="-12525.004883" y="100.000000" z="22094.785156" yaw="-4.000000" editor_y="100.000000" >
		<attribute align="ally" follow="lead" />
	</object>

	<object name="intruder" id="b01b" active="true" x="-3429.768311" y="100.000000" z="29133.000000" yaw="-84.000000" editor_y="100.000000" >
		<attribute align="enemy" on_destroy="on_target_kill" path="target_path" />
	</object>

	<zone name="zone_ready" active="true" x="-19367.679688" y="0.000000" z="30028.714844" radius="442.000000" >
		<attribute on_enter="on_zone_ready" />
	</zone>

	<zone name="zone_enemy" active="true" x="-21024.306641" y="0.000000" z="30058.853516" radius="442.000000" >
		<attribute on_enter="on_zone_enemy" />
	</zone>

	<zone name="zone_fail" active="true" x="-33572.722656" y="0.000000" z="31543.974609" radius="447.000000" >
		<attribute on_enter="on_zone_fail" />
	</zone>

	<path name="lead_path" >
		<point x="-12543.384766" y="99.453308" z="24943.066406" editor_y="100.000000" />
		<point x="-12553.871094" y="98.683807" z="26287.054688" editor_y="100.000000" />
		<point x="-13264.953125" y="97.629906" z="28316.011719" editor_y="100.000000" />
		<point x="-14163.234375" y="98.828712" z="29226.019531" editor_y="100.000000" />
		<point x="-15961.667969" y="95.341927" z="29973.156250" editor_y="100.000000" />
		<point x="-21247.232422" y="92.977280" z="30267.912109" editor_y="100.000000" />
	</path>

	<path name="target_path" >
		<point x="-8109.723633" y="97.257446" z="29454.998047" editor_y="100.000000" />
		<point x="-13532.334961" y="96.923767" z="30060.917969" editor_y="100.000000" />
		<point x="-21056.255859" y="93.451637" z="29965.300781" editor_y="100.000000" />
		<point x="-27622.166016" y="97.004753" z="31150.566406" editor_y="100.000000" />
		<point x="-50398.609375" y="98.287628" z="32987.183594" editor_y="100.000000" />
		<point x="-64882.585938" y="94.786591" z="35312.140625" editor_y="100.000000" />
	</path>
</mission>
