<!--Open Horizon mission-->
<mission location="ms11b">
	<player x="-4428.291992" y="100.000000" z="-9271.750000" yaw="-88.000000" editor_y="100.000000" />

	<object name="ground1" id="m1a2" active="true" x="-11159.776367" y="9.900813" z="-11533.267578" yaw="84.000000" editor_y="0.000000" >
		<attribute align="enemy" on_destroy="on_kill" path="attack_point1" />
	</object>

	<object name="ground1" id="m1a2" active="true" x="-9450.352539" y="0.002173" z="-11104.250000" yaw="84.000000" editor_y="0.000000" >
		<attribute align="enemy" on_destroy="on_kill" path="attack_point1" />
	</object>

	<object name="ground1" id="m1a2" active="true" x="-9459.028320" y="0.005688" z="-11201.309570" yaw="84.000000" editor_y="0.000000" >
		<attribute align="enemy" on_destroy="on_kill" path="attack_point1" />
	</object>

	<object name="ground1" id="m1a2" active="true" x="-9556.916016" y="0.000845" z="-10951.519531" yaw="84.000000" editor_y="0.000000" >
		<attribute align="enemy" on_destroy="on_kill" path="attack_point1" />
	</object>

	<object name="ground1" id="m1a2" active="true" x="-11158.737305" y="2.547332" z="-11366.093750" yaw="84.000000" editor_y="0.000000" >
		<attribute align="enemy" on_destroy="on_kill" path="attack_point1" />
	</object>

	<object name="ground1" id="stry" active="true" x="-9477.444336" y="0.000214" z="-10912.055664" yaw="84.000000" editor_y="0.000000" >
		<attribute align="enemy" on_destroy="on_kill" path="attack_point1" />
	</object>

	<object name="ground1" id="stry" active="true" x="-9464.474609" y="0.000475" z="-10980.466797" yaw="84.000000" editor_y="0.000000" >
		<attribute align="enemy" on_destroy="on_kill" path="attack_point1" />
	</object>

	<object name="ground1" id="stry" active="true" x="-11083.665039" y="15.267827" z="-11621.299805" yaw="84.000000" editor_y="0.000000" >
		<attribute align="enemy" on_destroy="on_kill" path="attack_point1" />
	</object>

	<object name="copter1" id="ah64" active="true" x="-11232.788086" y="29.588764" z="-11329.783203" yaw="84.000000" editor_y="27.000000" >
		<attribute align="enemy" on_destroy="on_kill" path="attack_point1" />
	</object>

	<object name="copter1" id="ah64" active="true" x="-9535.094727" y="27.004625" z="-11111.647461" yaw="84.000000" editor_y="27.000000" >
		<attribute align="enemy" on_destroy="on_kill" path="attack_point1" />
	</object>

	<object name="air1" id="f22a" active="true" x="-8240.213867" y="100.000000" z="-10327.245117" yaw="80.000000" editor_y="100.000000" >
		<attribute align="enemy" on_destroy="raptor_down" />
	</object>

	<object name="air1" id="f22a" active="true" x="-8174.099121" y="100.000000" z="-10742.998047" yaw="80.000000" editor_y="100.000000" >
		<attribute align="enemy" on_destroy="raptor_down" />
	</object>

	<object name="air2" id="f22a" active="true" x="-7855.548828" y="100.000000" z="-7234.287109" yaw="148.000000" editor_y="100.000000" >
		<attribute align="enemy" on_destroy="raptor_down" />
	</object>

	<object name="air2" id="f22a" active="true" x="-7139.157227" y="100.000000" z="-6796.037109" yaw="148.000000" editor_y="100.000000" >
		<attribute align="enemy" on_destroy="raptor_down" />
	</object>

	<object name="ground2" id="m1a2" active="true" x="-8262.360352" y="0.000000" z="-5853.780762" yaw="148.000000" editor_y="0.000000" >
		<attribute align="enemy" on_destroy="on_kill" path="attack_point2" />
	</object>

	<object name="ground2" id="m1a2" active="true" x="-8418.958008" y="0.000000" z="-6040.871094" yaw="148.000000" editor_y="0.000000" >
		<attribute align="enemy" on_destroy="on_kill" path="attack_point2" />
	</object>

	<object name="ground2" id="m1a2" active="true" x="-8649.996094" y="0.000000" z="-6244.597168" yaw="148.000000" editor_y="0.000000" >
		<attribute align="enemy" on_destroy="on_kill" path="attack_point2" />
	</object>

	<object name="ground2" id="m1a2" active="true" x="-8062.533691" y="0.000000" z="-5672.694824" yaw="148.000000" editor_y="0.000000" >
		<attribute align="enemy" on_destroy="on_kill" path="attack_point2" />
	</object>

	<object name="ground2" id="m1a2" active="true" x="-7837.105469" y="0.000000" z="-5552.824707" yaw="148.000000" editor_y="0.000000" >
		<attribute align="enemy" on_destroy="on_kill" path="attack_point2" />
	</object>

	<object name="copter2" id="ah64" active="true" x="-8057.072266" y="50.000000" z="-5532.501465" yaw="148.000000" editor_y="50.000000" >
		<attribute align="enemy" on_destroy="on_kill" path="attack_point2" />
	</object>

	<object name="copter2" id="ah64" active="true" x="-8531.833008" y="50.000034" z="-5923.050293" yaw="148.000000" editor_y="50.000000" >
		<attribute align="enemy" on_destroy="on_kill" path="attack_point2" />
	</object>

	<object name="ally2" id="m31b" active="true" x="-6306.594727" y="99.730171" z="-8118.466797" yaw="-64.000000" editor_y="100.000000" >
		<attribute align="ally" />
	</object>

	<object name="ally2" id="m31b" active="true" x="-6376.984863" y="99.628944" z="-8276.943359" yaw="-64.000000" editor_y="100.000000" >
		<attribute align="ally" />
	</object>

	<object name="ally1" id="su47" active="true" x="-6886.895020" y="99.678566" z="-10037.571289" yaw="-108.000000" editor_y="100.000000" >
		<attribute align="ally" />
	</object>

	<object name="ally1" id="su47" active="true" x="-6849.575195" y="99.675819" z="-10223.304688" yaw="-108.000000" editor_y="100.000000" >
		<attribute align="ally" />
	</object>

	<object name="bomber" id="b02a" active="false" x="-15104.124023" y="1194.622437" z="-6962.809570" yaw="100.000000" editor_y="1121.000000" >
		<attribute align="target" on_destroy="bomber_down" path="attack_point1" />
	</object>

	<object name="bomber" id="b02a" active="false" x="-14997.326172" y="1185.451294" z="-6616.263184" yaw="100.000000" editor_y="1121.000000" >
		<attribute align="target" on_destroy="bomber_down" path="attack_point1" />
	</object>

	<object name="ally" id="t090" active="true" x="-6456.077637" y="-0.132074" z="-7288.032227" yaw="-48.000000" editor_y="0.000000" >
		<attribute align="ally" />
	</object>

	<object name="ally" id="t090" active="true" x="-6642.912598" y="-0.127865" z="-7559.896484" yaw="-48.000000" editor_y="0.000000" >
		<attribute align="ally" />
	</object>

	<object name="ally" id="t090" active="true" x="-7731.127930" y="-0.080702" z="-9014.417969" yaw="-76.000000" editor_y="0.000000" >
		<attribute align="ally" />
	</object>

	<object name="ally" id="t090" active="true" x="-7739.253418" y="-0.094995" z="-9117.062500" yaw="-76.000000" editor_y="0.000000" >
		<attribute align="ally" />
	</object>

	<object name="ally" id="s302" active="true" x="-6238.915039" y="-0.057246" z="-9562.320312" yaw="-32.000000" editor_y="0.000000" >
		<attribute align="ally" />
	</object>

	<object name="ally" id="s302" active="true" x="-6273.908691" y="-0.072092" z="-9588.132812" yaw="-32.000000" editor_y="0.000000" >
		<attribute align="ally" />
	</object>

	<object name="ally" id="s302" active="true" x="-4385.833984" y="-0.142875" z="-9853.948242" yaw="-36.000000" editor_y="0.000000" >
		<attribute align="ally" />
	</object>

	<zone name="defend_zone" active="true" x="-5659.118652" y="-2.299832" z="-9490.638672" radius="2172.000000" >
		<attribute on_enter="on_defend_zone" />
	</zone>

	<path name="attack_point1" >
		<point x="-4421.290039" y="-1.007089" z="-9866.118164" editor_y="0.000000" />
	</path>

	<path name="attack_point2" >
		<point x="-6290.144531" y="-1.280946" z="-9526.512695" editor_y="0.000000" />
	</path>
</mission>
