<!--Open Horizon mission-->
<mission location="ms08x">
	<player x="-6188.552246" y="774.468018" z="7416.408203" yaw="128.000000" editor_y="426.000000" />

	<object name="enemy_lead1" id="f15c" active="true" x="-1468.252808" y="763.360779" z="3985.257568" yaw="-48.000000" editor_y="426.000000" >
		<attribute align="target" on_destroy="enemy_kill" on_init="enemy_add" />
	</object>

	<object name="enemy_lead0" id="f15c" active="true" x="-1471.758057" y="771.081543" z="3854.885254" yaw="-48.000000" editor_y="426.000000" >
		<attribute align="target" on_destroy="enemy_kill" on_init="enemy_add" />
	</object>

	<object name="enemy_lead2" id="f15c" active="true" x="-992.170105" y="742.650024" z="4450.252441" yaw="-48.000000" editor_y="426.000000" >
		<attribute align="target" on_destroy="enemy_kill" on_init="enemy_add" />
	</object>

	<object name="enemy_lead3" id="f15c" active="true" x="-1961.771851" y="810.661133" z="3270.901855" yaw="-48.000000" editor_y="426.000000" >
		<attribute align="target" on_destroy="enemy_kill" on_init="enemy_add" />
	</object>

	<object name="enemy" id="f15c" active="true" x="-1467.623291" y="775.842529" z="3830.620850" yaw="-48.000000" editor_y="426.000000" >
		<attribute align="enemy" follow="enemy_lead0" />
	</object>

	<object name="enemy" id="f15c" active="true" x="-1451.352417" y="774.375122" z="3849.711426" yaw="-48.000000" editor_y="426.000000" >
		<attribute align="enemy" follow="enemy_lead0" />
	</object>

	<object name="enemy" id="f15c" active="true" x="-1466.584473" y="767.154785" z="3966.872803" yaw="-48.000000" editor_y="426.000000" >
		<attribute align="enemy" follow="enemy_lead1" />
	</object>

	<object name="enemy" id="f15c" active="true" x="-1450.829834" y="766.250610" z="3984.060059" yaw="-48.000000" editor_y="426.000000" >
		<attribute align="enemy" follow="enemy_lead1" />
	</object>

	<object name="enemy" id="f15c" active="true" x="-992.480957" y="746.913208" z="4430.179688" yaw="-48.000000" editor_y="426.000000" >
		<attribute align="enemy" follow="enemy_lead2" />
	</object>

	<object name="enemy" id="f15c" active="true" x="-975.062012" y="746.532837" z="4450.093262" yaw="-48.000000" editor_y="426.000000" >
		<attribute align="enemy" follow="enemy_lead2" />
	</object>

	<object name="enemy" id="f15c" active="true" x="-1964.409912" y="815.551880" z="3254.436035" yaw="-48.000000" editor_y="426.000000" >
		<attribute align="enemy" follow="enemy_lead3" />
	</object>

	<object name="enemy" id="f15c" active="true" x="-1951.216187" y="814.824402" z="3278.489014" yaw="-48.000000" editor_y="426.000000" >
		<attribute align="enemy" follow="enemy_lead3" />
	</object>

	<object name="enemy" id="f15m" active="true" x="-2576.435059" y="738.554199" z="4556.626465" yaw="-48.000000" editor_y="423.000000" >
		<attribute align="target" on_destroy="enemy_kill" on_init="enemy_add" />
	</object>

	<object name="enemy" id="f15m" active="true" x="-2202.205566" y="729.003967" z="4940.595215" yaw="-48.000000" editor_y="423.000000" >
		<attribute align="target" on_destroy="enemy_kill" on_init="enemy_add" />
	</object>

	<object name="ally" id="f14d" active="true" x="-6202.070801" y="770.525879" z="7399.430664" yaw="132.000000" editor_y="420.000000" >
		<attribute align="ally" follow="player" />
	</object>

	<object name="ally" id="f14d" active="true" x="-6176.633789" y="765.250366" z="7430.863770" yaw="132.000000" editor_y="420.000000" >
		<attribute align="ally" follow="player" />
	</object>
</mission>
