<!--Open Horizon mission-->
<mission location="ms08x">
	<player x="-6188.552246" y="774.468018" z="7416.408203" yaw="128.000000" editor_y="426.000000" />

	<object name="enemy_lead1" id="f15c" active="true" x="-223.079742" y="736.513489" z="3505.697754" yaw="-48.000000" editor_y="426.000000" >
		<attribute align="target" on_destroy="enemy_kill" on_init="enemy_add" />
	</object>

	<object name="enemy_lead3" id="f15c" active="true" x="-716.598877" y="813.235596" z="2791.342041" yaw="-48.000000" editor_y="426.000000" >
		<attribute align="target" on_destroy="enemy_kill" on_init="enemy_add" />
	</object>

	<object name="enemy" id="f15c" active="true" x="-221.411530" y="737.009644" z="3487.312988" yaw="-48.000000" editor_y="426.000000" >
		<attribute align="enemy" follow="enemy_lead1" />
	</object>

	<object name="enemy" id="f15c" active="true" x="-205.656860" y="735.242676" z="3504.500244" yaw="-48.000000" editor_y="426.000000" >
		<attribute align="enemy" follow="enemy_lead1" />
	</object>

	<object name="enemy" id="f15c" active="true" x="-719.237061" y="814.992432" z="2774.876221" yaw="-48.000000" editor_y="426.000000" >
		<attribute align="enemy" follow="enemy_lead3" />
	</object>

	<object name="enemy" id="f15c" active="true" x="-706.043213" y="811.994568" z="2798.929199" yaw="-48.000000" editor_y="426.000000" >
		<attribute align="enemy" follow="enemy_lead3" />
	</object>

	<object name="enemy" id="f15m" active="true" x="-2576.435059" y="738.554199" z="4556.626465" yaw="-48.000000" editor_y="423.000000" >
		<attribute align="target" on_destroy="enemy_kill" on_init="enemy_add" />
	</object>

	<object name="enemy" id="f15m" active="true" x="-2202.205566" y="729.003967" z="4940.595215" yaw="-48.000000" editor_y="423.000000" >
		<attribute align="target" on_destroy="enemy_kill" on_init="enemy_add" />
	</object>

	<object name="ally" id="f14d" active="true" x="-6202.070801" y="770.525879" z="7399.430664" yaw="132.000000" editor_y="420.000000" >
		<attribute align="ally" follow="player" />
	</object>

	<object name="ally" id="f14d" active="true" x="-6176.633789" y="765.250366" z="7430.863770" yaw="132.000000" editor_y="420.000000" >
		<attribute align="ally" follow="player" />
	</object>
</mission>
