<!--Open Horizon mission-->
<mission location="ms50">
	<player x="6589.456543" y="100.000000" z="-8908.191406" yaw="-52.000000" editor_y="100.000000" />

	<zone name="skytree" active="true" x="4441.530273" y="0.000000" z="-7104.974609" radius="145.000000" >
		<attribute display="cylinder" on_enter="on_zone0" />
	</zone>

	<zone name="akb" active="false" x="865.525513" y="0.000000" z="-6129.247559" radius="329.000000" >
		<attribute display="circle" on_enter="on_zone1" />
	</zone>

	<zone name="bamco" active="false" x="-1635.257812" y="58.566978" z="93.712975" radius="133.000000" >
		<attribute display="point" on_enter="on_zone2" />
	</zone>

	<zone name="tbs" active="false" x="2833.421875" y="58.967884" z="1780.678955" radius="133.000000" >
		<attribute display="cylinder" on_enter="on_zone3" />
	</zone>
</mission>
